epoch,time,train/box_loss,train/seg_loss,train/cls_loss,train/dfl_loss,metrics/precision(B),metrics/recall(B),metrics/mAP50(B),metrics/mAP50-95(B),metrics/precision(M),metrics/recall(M),metrics/mAP50(M),metrics/mAP50-95(M),val/box_loss,val/seg_loss,val/cls_loss,val/dfl_loss,lr/pg0,lr/pg1,lr/pg2
1,112.714,2.21864,3.24297,2.77025,2.23316,0.17469,0.19765,0.09402,0.0278,0.16786,0.20269,0.09444,0.02772,2.5976,1.93207,6.76365,3.12351,0.0700896,0.00332338,0.00332338
2,228.133,2.12381,3.05994,2.59027,2.15233,0.03506,0.11414,0.01342,0.00333,0.03506,0.11414,0.01371,0.00336,2.73634,1.97242,4.66285,3.38571,0.0400888,0.00665599,0.00665599
3,329.117,2.05577,3.0028,2.4281,2.07848,0.37055,0.2873,0.25699,0.08734,0.37124,0.2778,0.24766,0.08537,2.21413,1.72093,4.43176,2.527,0.0100852,0.00998571,0.00998571
4,431.716,1.99241,2.94144,2.33474,2.0372,0.38335,0.36509,0.31039,0.10869,0.3854,0.35963,0.30865,0.10714,2.187,1.1373,2.38134,2.47978,0.00999023,0.00999023,0.00999023
5,533.712,1.952,2.91691,2.26529,1.99131,0.40661,0.30466,0.28029,0.11069,0.40632,0.29459,0.27494,0.09948,2.18343,1.75101,3.30289,2.50708,0.00998264,0.00998264,0.00998264
6,632.043,1.92046,2.87018,2.1724,1.95177,0.57988,0.43684,0.41609,0.16767,0.56047,0.43559,0.40451,0.16007,2.08178,1.5416,2.07927,2.44971,0.00997288,0.00997288,0.00997288
7,977.995,1.89152,2.84015,2.11285,1.91931,0.5736,0.42803,0.47456,0.17394,0.56905,0.4188,0.4681,0.17649,2.09062,1.6995,2.06095,2.33716,0.00996097,0.00996097,0.00996097
8,1332.82,1.86142,2.83416,2.0836,1.90125,0.6051,0.4188,0.48179,0.17723,0.5987,0.41334,0.4661,0.17449,2.20303,1.08906,2.00314,2.48865,0.0099469,0.0099469,0.0099469
9,1437.31,1.84648,2.7804,2.03871,1.88664,0.47455,0.44901,0.40243,0.13705,0.48243,0.43559,0.40212,0.13683,2.20817,1.17908,2.35073,2.50199,0.00993068,0.00993068,0.00993068
10,1540.78,1.8357,2.78117,2.00123,1.87586,0.4752,0.34033,0.3642,0.12934,0.48204,0.33026,0.3605,0.13069,2.20021,1.60607,2.42633,2.54082,0.00991232,0.00991232,0.00991232
11,1644.61,1.82091,2.76396,1.99476,1.87303,0.66707,0.54217,0.60247,0.22121,0.69035,0.54355,0.60437,0.23593,2.09848,1.32473,1.83375,2.26223,0.00989183,0.00989183,0.00989183
12,1748.71,1.79136,2.71953,1.92542,1.83324,0.63192,0.49266,0.54832,0.23929,0.63149,0.48804,0.54313,0.23355,1.90875,1.66553,1.81176,2.14034,0.00986922,0.00986922,0.00986922
13,1851.55,1.7979,2.75567,1.94517,1.85259,0.71175,0.53294,0.6217,0.28886,0.70689,0.52931,0.61267,0.28512,1.85091,1.51446,1.57654,2.08563,0.00984449,0.00984449,0.00984449
14,1955.63,1.79621,2.72489,1.93576,1.84838,0.49149,0.36991,0.38156,0.14548,0.48413,0.34892,0.36466,0.13952,2.20792,1.8365,2.39665,2.65671,0.00981765,0.00981765,0.00981765
15,2060.18,1.76469,2.69214,1.87941,1.81395,0.58806,0.47167,0.50791,0.19529,0.58653,0.46832,0.4981,0.19072,2.25384,1.39645,1.96144,2.52226,0.00978873,0.00978873,0.00978873
16,2178.97,1.77584,2.70108,1.89044,1.81945,0.72602,0.59938,0.68572,0.34279,0.73582,0.5844,0.67717,0.33807,1.73718,1.15902,1.41572,1.98298,0.00975773,0.00975773,0.00975773
17,2295.71,1.73899,2.66943,1.82586,1.79463,0.76692,0.56735,0.67247,0.31494,0.76284,0.56232,0.66243,0.32057,1.86699,1.07351,1.40001,2.10062,0.00972466,0.00972466,0.00972466
18,2400.61,1.7458,2.64746,1.83318,1.79169,0.65943,0.45027,0.51637,0.23779,0.64451,0.44398,0.50714,0.22992,1.94822,1.2881,1.9586,2.17903,0.00968955,0.00968955,0.00968955
19,2517.25,1.74736,2.6412,1.82568,1.78998,0.66894,0.56303,0.63825,0.32112,0.6671,0.5577,0.62935,0.31,1.66979,0.85372,1.49392,1.95032,0.00965239,0.00965239,0.00965239
20,2632.03,1.72543,2.60172,1.78785,1.77452,0.67778,0.58917,0.64686,0.32663,0.68599,0.57662,0.63465,0.31522,1.69588,1.00654,1.45461,1.91781,0.00961322,0.00961322,0.00961322
21,2743.93,1.72848,2.603,1.78859,1.77704,0.69449,0.56819,0.64244,0.31221,0.69324,0.5535,0.63027,0.2947,1.67583,0.86985,1.57405,1.97327,0.00957205,0.00957205,0.00957205
22,2854.32,1.71942,2.61845,1.76141,1.77202,0.63281,0.5489,0.59346,0.27927,0.64183,0.53336,0.58338,0.26174,1.85664,0.78823,1.57964,2.15522,0.00952889,0.00952889,0.00952889
23,2966.06,1.70064,2.60843,1.73471,1.76065,0.72866,0.64582,0.72654,0.38313,0.73173,0.63366,0.71735,0.36447,1.5804,0.91844,1.25361,1.86092,0.00948377,0.00948377,0.00948377
24,3072.31,1.70191,2.56439,1.72525,1.75186,0.72247,0.63141,0.7025,0.35365,0.71751,0.61394,0.69114,0.34116,1.66354,0.90013,1.34705,1.90131,0.00943671,0.00943671,0.00943671
25,3177.05,1.69642,2.59941,1.73177,1.74885,0.73271,0.59924,0.68801,0.37232,0.7262,0.58917,0.674,0.35596,1.57283,0.97757,1.40421,1.82109,0.00938772,0.00938772,0.00938772
26,3281.81,1.68881,2.56589,1.70605,1.74727,0.77151,0.64205,0.72934,0.37442,0.75809,0.63647,0.71964,0.35987,1.69993,0.8807,1.23992,1.92794,0.00933683,0.00933683,0.00933683
27,3387.06,1.69287,2.54988,1.67423,1.74585,0.71252,0.61981,0.69563,0.35152,0.71156,0.60008,0.67784,0.33016,1.72336,1.16459,1.3866,1.98284,0.00928405,0.00928405,0.00928405
28,3493.36,1.69042,2.55422,1.67781,1.73988,0.77041,0.60974,0.72645,0.39402,0.76568,0.6047,0.71232,0.37277,1.53917,1.02811,1.23897,1.81342,0.00922942,0.00922942,0.00922942
29,3597.8,1.67417,2.5374,1.66929,1.72524,0.77256,0.65568,0.74369,0.41242,0.77327,0.64331,0.73317,0.39071,1.48797,1.04147,1.25239,1.75432,0.00917296,0.00917296,0.00917296
30,3702.07,1.66015,2.52501,1.63174,1.71154,0.77029,0.63533,0.7376,0.39532,0.77957,0.61981,0.72866,0.37448,1.58127,1.12438,1.18351,1.82573,0.00911469,0.00911469,0.00911469
31,3809.73,1.6648,2.49488,1.62271,1.71303,0.76255,0.68653,0.76107,0.4161,0.75715,0.67772,0.74975,0.39578,1.51171,1.17797,1.13735,1.76775,0.00905463,0.00905463,0.00905463
32,3916.32,1.65253,2.53328,1.62604,1.72029,0.73229,0.67436,0.74091,0.40806,0.73207,0.66617,0.7338,0.38802,1.50361,1.16136,1.17427,1.77285,0.00899282,0.00899282,0.00899282
33,4026.92,1.65655,2.50679,1.61426,1.72032,0.78264,0.69157,0.78303,0.43871,0.77824,0.68233,0.77321,0.42583,1.53398,1.05948,1.06534,1.76902,0.00892928,0.00892928,0.00892928
34,4133.76,1.65274,2.50734,1.61474,1.70965,0.7528,0.67477,0.74533,0.4021,0.7522,0.65757,0.73135,0.38583,1.57738,1.1648,1.30539,1.80982,0.00886404,0.00886404,0.00886404
35,4254.74,1.63544,2.4839,1.58842,1.6974,0.79411,0.68191,0.76944,0.42346,0.7858,0.67436,0.75754,0.40171,1.53876,1.04539,1.07129,1.80719,0.00879713,0.00879713,0.00879713
36,4372.84,1.61357,2.46904,1.54889,1.68022,0.77681,0.6952,0.78074,0.44485,0.76685,0.68457,0.76556,0.42596,1.47192,1.24578,1.0674,1.74518,0.00872857,0.00872857,0.00872857
37,4496.09,1.62122,2.48561,1.55031,1.678,0.78171,0.69157,0.77893,0.44304,0.79631,0.671,0.76499,0.42476,1.46784,1.29488,1.07194,1.72231,0.00865839,0.00865839,0.00865839
38,4619.18,1.62254,2.47267,1.55693,1.68273,0.77765,0.68737,0.77185,0.42283,0.77518,0.67282,0.75921,0.40719,1.54287,1.2233,1.14263,1.7743,0.00858664,0.00858664,0.00858664
39,4732.74,1.616,2.45291,1.53046,1.67698,0.75808,0.69692,0.77742,0.43757,0.76893,0.66331,0.76159,0.42012,1.4897,1.2588,1.10957,1.72392,0.00851333,0.00851333,0.00851333
40,4850.24,1.61694,2.46554,1.54445,1.68547,0.76469,0.7029,0.78267,0.44939,0.77741,0.68153,0.77283,0.43268,1.45282,1.58858,1.05068,1.72523,0.00843851,0.00843851,0.00843851
41,4963.46,1.6091,2.45908,1.54924,1.68331,0.78696,0.71968,0.80404,0.45695,0.79222,0.69918,0.79394,0.43836,1.47336,1.62701,1.05533,1.73355,0.0083622,0.0083622,0.0083622
42,5075.52,1.62249,2.46168,1.53319,1.67899,0.78175,0.72556,0.79857,0.44837,0.78462,0.70667,0.78323,0.42571,1.45989,1.70781,1.06013,1.72918,0.00828443,0.00828443,0.00828443
43,5184.54,1.61297,2.44278,1.52102,1.67042,0.79434,0.70583,0.79402,0.44207,0.78763,0.6987,0.78466,0.42829,1.52842,2.02142,1.13842,1.73714,0.00820525,0.00820525,0.00820525
44,5295.31,1.58884,2.40832,1.51399,1.65655,0.79311,0.74108,0.80426,0.4712,0.78679,0.71632,0.7889,0.44502,1.38101,1.53389,1.01361,1.66606,0.00812468,0.00812468,0.00812468
45,5400.25,1.59431,2.43607,1.50628,1.6597,0.82287,0.69828,0.79111,0.45493,0.81438,0.68359,0.77463,0.43089,1.45699,1.81386,1.04559,1.70906,0.00804277,0.00804277,0.00804277
46,5493.85,1.5919,2.40577,1.49658,1.65801,0.78025,0.69954,0.78655,0.44941,0.76647,0.68443,0.7685,0.42365,1.42349,1.79335,1.0583,1.68488,0.00795954,0.00795954,0.00795954
47,5587.58,1.57848,2.40999,1.4722,1.65218,0.79692,0.70751,0.79993,0.4656,0.80004,0.68779,0.78455,0.44222,1.41617,1.74126,1.02684,1.66695,0.00787503,0.00787503,0.00787503
48,5681.29,1.58022,2.4461,1.47942,1.64488,0.83067,0.71632,0.8127,0.46708,0.81899,0.70625,0.80081,0.4472,1.43409,1.85384,0.9795,1.68526,0.00778929,0.00778929,0.00778929
49,5775.12,1.56379,2.40415,1.45454,1.63716,0.78198,0.74612,0.80898,0.46742,0.77889,0.73172,0.79595,0.45057,1.46228,1.80816,0.9529,1.71144,0.00770234,0.00770234,0.00770234
50,5868.83,1.57139,2.4074,1.45247,1.63906,0.81113,0.73227,0.82082,0.47786,0.8089,0.70122,0.80196,0.4531,1.39817,2.21856,0.9615,1.66078,0.00761423,0.00761423,0.00761423
51,5962.86,1.55275,2.38155,1.44901,1.6294,0.79916,0.7159,0.80739,0.46944,0.78349,0.70767,0.78853,0.44603,1.37844,1.98625,0.97728,1.6524,0.007525,0.007525,0.007525
52,6056.61,1.55453,2.38245,1.42894,1.62065,0.81019,0.71647,0.81693,0.47538,0.80367,0.69576,0.79613,0.44825,1.42066,2.16101,0.95013,1.67678,0.00743468,0.00743468,0.00743468
53,6150.35,1.55876,2.3919,1.4497,1.63693,0.81745,0.73311,0.82246,0.48204,0.79924,0.7243,0.80736,0.45473,1.39573,2.02743,0.91098,1.67235,0.00734332,0.00734332,0.00734332
54,6244.15,1.55526,2.35997,1.42712,1.63261,0.81499,0.73647,0.81975,0.48775,0.81043,0.7222,0.80818,0.4667,1.36565,2.08945,0.94223,1.64419,0.00725094,0.00725094,0.00725094
55,6337.79,1.54706,2.36269,1.39735,1.61984,0.80481,0.72765,0.80897,0.47753,0.78531,0.71003,0.78751,0.45032,1.39351,2.10834,0.94414,1.65459,0.00715761,0.00715761,0.00715761
56,6431.77,1.54002,2.35378,1.39908,1.6149,0.80378,0.73731,0.81724,0.47432,0.80629,0.69518,0.78824,0.44323,1.40161,2.23381,0.9254,1.68043,0.00706335,0.00706335,0.00706335
57,6525.25,1.52984,2.33815,1.3676,1.59875,0.82988,0.74318,0.83001,0.49144,0.80717,0.72388,0.80501,0.46022,1.37169,2.15635,0.90876,1.63172,0.0069682,0.0069682,0.0069682
58,6619.28,1.55547,2.36432,1.42186,1.61988,0.82637,0.74234,0.83423,0.50361,0.81225,0.72681,0.81249,0.47544,1.32909,2.1261,0.89429,1.59993,0.00687222,0.00687222,0.00687222
59,6713.01,1.53947,2.35528,1.38733,1.61138,0.819,0.74625,0.83458,0.4985,0.80234,0.72393,0.80651,0.4649,1.3583,2.30908,0.89848,1.62102,0.00677543,0.00677543,0.00677543
60,6806.92,1.53214,2.32718,1.37436,1.60239,0.81822,0.77066,0.84016,0.49329,0.79885,0.74276,0.81552,0.4718,1.40001,2.34624,0.86817,1.64783,0.00667789,0.00667789,0.00667789
61,6900.83,1.51594,2.34227,1.35529,1.58653,0.79413,0.75325,0.82407,0.48664,0.78949,0.69563,0.78162,0.44404,1.35149,2.39077,0.94066,1.63498,0.00657963,0.00657963,0.00657963
62,6994.76,1.52436,2.35675,1.37757,1.60922,0.8195,0.76206,0.83573,0.49991,0.80466,0.71221,0.7965,0.46439,1.36633,2.22266,0.8727,1.62461,0.00648071,0.00648071,0.00648071
63,7088.08,1.50865,2.31684,1.34821,1.59034,0.79939,0.76164,0.83084,0.49762,0.77189,0.72681,0.78063,0.45403,1.34457,2.2445,0.8825,1.62354,0.00638115,0.00638115,0.00638115
64,7181.75,1.5244,2.31322,1.3737,1.60578,0.80936,0.76073,0.83622,0.50348,0.78496,0.68863,0.7739,0.45076,1.33283,2.34993,0.88203,1.60278,0.00628101,0.00628101,0.00628101
65,7275.32,1.5064,2.30652,1.36525,1.60411,0.83475,0.74234,0.83764,0.50274,0.81484,0.68989,0.78477,0.46186,1.34874,2.34418,0.86683,1.62439,0.00618034,0.00618034,0.00618034
66,7369.34,1.50366,2.30992,1.34218,1.59047,0.81441,0.75745,0.83238,0.49514,0.77579,0.70583,0.77931,0.45501,1.37683,2.39019,0.8939,1.63504,0.00607916,0.00607916,0.00607916
67,7462.57,1.49155,2.29948,1.33018,1.58266,0.81126,0.77088,0.83998,0.50206,0.81291,0.70625,0.79246,0.45729,1.34809,2.49301,0.85555,1.6208,0.00597754,0.00597754,0.00597754
68,7556.25,1.49523,2.29321,1.32571,1.58637,0.82078,0.765,0.84462,0.51063,0.78123,0.70583,0.77998,0.46184,1.33089,2.49764,0.85041,1.60536,0.00587551,0.00587551,0.00587551
69,7650.08,1.49482,2.30551,1.32311,1.58152,0.82583,0.76404,0.84272,0.50433,0.82506,0.70457,0.7935,0.46116,1.36507,2.47452,0.85812,1.63546,0.00577311,0.00577311,0.00577311
70,7743.64,1.47627,2.25949,1.30423,1.56398,0.82861,0.75745,0.84021,0.50554,0.79108,0.70074,0.77831,0.45741,1.36285,2.50752,0.8338,1.62911,0.0056704,0.0056704,0.0056704
71,7837.18,1.47748,2.27937,1.31175,1.57369,0.81333,0.76795,0.84157,0.5138,0.77473,0.70429,0.77552,0.46349,1.32573,2.57078,0.84577,1.58924,0.00556742,0.00556742,0.00556742
72,7930.66,1.47577,2.27969,1.29479,1.56756,0.80498,0.77298,0.83711,0.50813,0.79565,0.71564,0.7908,0.46327,1.33063,2.53003,0.86312,1.60028,0.00546421,0.00546421,0.00546421
73,8024.67,1.47176,2.26925,1.29006,1.56249,0.83653,0.7731,0.85071,0.52008,0.79595,0.72023,0.79718,0.47344,1.31819,2.49295,0.82165,1.59303,0.00536081,0.00536081,0.00536081
74,8118.28,1.46675,2.26337,1.29958,1.56148,0.83694,0.75817,0.84322,0.51559,0.78886,0.67982,0.76206,0.45212,1.31887,2.68653,0.83784,1.59588,0.00525728,0.00525728,0.00525728
75,8211.85,1.46498,2.25243,1.2729,1.55212,0.80841,0.77732,0.84728,0.51599,0.7953,0.70457,0.78524,0.46232,1.33743,2.64473,0.82681,1.60809,0.00515366,0.00515366,0.00515366
76,8305.42,1.46165,2.24428,1.28725,1.555,0.81192,0.77507,0.84121,0.51406,0.79453,0.70748,0.78149,0.4672,1.32992,2.66726,0.82404,1.60634,0.00505,0.00505,0.00505
77,8399.15,1.45338,2.23482,1.24247,1.53463,0.81891,0.77805,0.84608,0.52353,0.79357,0.71548,0.79013,0.47692,1.31162,2.48956,0.81646,1.57946,0.00494634,0.00494634,0.00494634
78,8492.82,1.44658,2.23824,1.2444,1.53038,0.81026,0.79385,0.8481,0.52119,0.7935,0.72562,0.79633,0.4765,1.30864,2.55368,0.81886,1.58402,0.00484272,0.00484272,0.00484272
79,8586.54,1.45248,2.24096,1.25095,1.53872,0.8268,0.78125,0.85002,0.52102,0.78049,0.72262,0.77708,0.46288,1.30742,2.57455,0.8083,1.58164,0.00473919,0.00473919,0.00473919
80,8680.05,1.44821,2.22957,1.22274,1.52667,0.81195,0.80445,0.85352,0.52351,0.77831,0.74444,0.79427,0.47328,1.31666,2.52161,0.78692,1.57822,0.00463579,0.00463579,0.00463579
81,8773.68,1.45721,2.24896,1.24367,1.54117,0.83096,0.77978,0.85299,0.52028,0.78865,0.7222,0.78492,0.46851,1.32377,2.55055,0.78986,1.59309,0.00453258,0.00453258,0.00453258
82,8867.24,1.43693,2.2255,1.2299,1.52764,0.82071,0.78949,0.85397,0.52029,0.80224,0.73028,0.80454,0.47741,1.32741,2.57618,0.79163,1.60244,0.0044296,0.0044296,0.0044296
83,8961.35,1.43597,2.2343,1.22233,1.5312,0.81808,0.79228,0.8482,0.52131,0.77974,0.72472,0.77908,0.46941,1.31244,2.62244,0.78643,1.58855,0.00432689,0.00432689,0.00432689
84,9055.06,1.43083,2.2317,1.23083,1.52344,0.81872,0.79411,0.85655,0.52063,0.80292,0.70541,0.79057,0.47186,1.32169,2.53046,0.7816,1.59091,0.00422449,0.00422449,0.00422449
85,9148.83,1.42468,2.20262,1.21523,1.51107,0.82709,0.78347,0.85542,0.52082,0.80014,0.7056,0.7822,0.46693,1.31464,2.52242,0.78968,1.57732,0.00412246,0.00412246,0.00412246
86,9242.29,1.42429,2.2032,1.2137,1.51251,0.82806,0.79426,0.85373,0.52313,0.79548,0.72468,0.79283,0.47397,1.30915,2.50954,0.78679,1.5813,0.00402084,0.00402084,0.00402084
87,9335.63,1.43422,2.20172,1.21421,1.52777,0.81235,0.80403,0.85729,0.52243,0.814,0.69971,0.78286,0.47152,1.32181,2.51228,0.78427,1.59052,0.00391966,0.00391966,0.00391966
88,9429.04,1.41088,2.2002,1.19685,1.50994,0.81979,0.79033,0.85801,0.52871,0.80477,0.71674,0.79354,0.47496,1.30671,2.65309,0.77197,1.59889,0.00381899,0.00381899,0.00381899
89,9522.79,1.42566,2.20504,1.20494,1.51926,0.84118,0.78934,0.85962,0.53297,0.80501,0.71884,0.78722,0.47947,1.30173,2.60341,0.76181,1.58117,0.00371885,0.00371885,0.00371885
90,9615.95,1.41235,2.19667,1.20382,1.51154,0.82503,0.80139,0.85873,0.52853,0.78657,0.71548,0.77784,0.4744,1.31004,2.64394,0.77581,1.58439,0.00361929,0.00361929,0.00361929
91,9709.51,1.4114,2.17216,1.19528,1.5084,0.82547,0.78991,0.85399,0.52579,0.77511,0.73017,0.77992,0.47154,1.30437,2.58632,0.78025,1.57812,0.00352037,0.00352037,0.00352037
92,9803.01,1.39891,2.18765,1.18418,1.5063,0.83792,0.78103,0.86055,0.52861,0.79175,0.71634,0.78045,0.47282,1.30876,2.59277,0.77033,1.58259,0.00342211,0.00342211,0.00342211
93,9896.72,1.40755,2.17863,1.1855,1.5069,0.82875,0.78795,0.85604,0.5244,0.7814,0.7243,0.78004,0.47062,1.315,2.61531,0.77285,1.5948,0.00332457,0.00332457,0.00332457
94,9990,1.39419,2.18509,1.17506,1.5019,0.83009,0.7864,0.85476,0.5301,0.77288,0.71544,0.76708,0.46893,1.30573,2.67993,0.77014,1.58993,0.00322778,0.00322778,0.00322778
95,10083.7,1.39377,2.19421,1.17517,1.5016,0.82663,0.79435,0.85617,0.52935,0.76608,0.716,0.76328,0.4661,1.30726,2.7057,0.77749,1.58727,0.0031318,0.0031318,0.0031318
96,10177.1,1.39113,2.14632,1.16913,1.49851,0.82202,0.79269,0.85492,0.52837,0.76556,0.70571,0.7595,0.46436,1.3054,2.71913,0.77684,1.58969,0.00303665,0.00303665,0.00303665
97,10271,1.37553,2.1526,1.14956,1.48163,0.82756,0.7935,0.8542,0.53077,0.74922,0.71839,0.75664,0.46519,1.2978,2.69645,0.7618,1.58589,0.00294239,0.00294239,0.00294239
98,10364.7,1.38769,2.17316,1.16141,1.48963,0.81501,0.80425,0.85154,0.52691,0.74623,0.72681,0.75339,0.46125,1.30254,2.71551,0.7607,1.58771,0.00284906,0.00284906,0.00284906
99,10458.2,1.39427,2.18156,1.16385,1.4982,0.81925,0.79689,0.85393,0.52941,0.7486,0.70975,0.74727,0.46048,1.30094,2.77725,0.75736,1.58788,0.00275668,0.00275668,0.00275668
100,10551.8,1.38025,2.16437,1.14669,1.47553,0.83644,0.78544,0.85396,0.52881,0.76711,0.68863,0.73873,0.45515,1.30568,2.84307,0.75709,1.5874,0.00266532,0.00266532,0.00266532
101,10645.3,1.36698,2.13395,1.13846,1.47037,0.82367,0.80109,0.85258,0.53038,0.74769,0.70259,0.74134,0.46026,1.29676,2.77808,0.75934,1.58469,0.002575,0.002575,0.002575
102,10739.1,1.37772,2.15062,1.14482,1.47997,0.83222,0.80025,0.85689,0.5308,0.75976,0.71265,0.75186,0.46237,1.30248,2.79958,0.7506,1.58708,0.00248577,0.00248577,0.00248577
103,10832.5,1.36269,2.12285,1.13149,1.47537,0.84392,0.78305,0.85701,0.52822,0.77725,0.6987,0.74918,0.46012,1.31019,2.82225,0.75664,1.59103,0.00239766,0.00239766,0.00239766
104,10926.5,1.36543,2.1348,1.13002,1.47679,0.84117,0.7864,0.85858,0.53098,0.76218,0.70835,0.75227,0.46166,1.30752,2.89811,0.75717,1.59069,0.00231071,0.00231071,0.00231071
105,11019.9,1.36263,2.14279,1.12932,1.47105,0.83965,0.78445,0.85505,0.53029,0.77544,0.7029,0.75302,0.46006,1.29948,2.88199,0.75675,1.58366,0.00222497,0.00222497,0.00222497
106,11113.8,1.35685,2.12044,1.12089,1.46735,0.84758,0.77339,0.85464,0.53072,0.77712,0.6921,0.74368,0.45651,1.30076,2.88321,0.75621,1.58927,0.00214046,0.00214046,0.00214046
107,11207.2,1.34919,2.11352,1.11012,1.46095,0.84762,0.77801,0.85597,0.53185,0.77359,0.69685,0.74416,0.45833,1.29618,2.90908,0.75293,1.58572,0.00205723,0.00205723,0.00205723
108,11301,1.34289,2.09098,1.10474,1.45942,0.82883,0.79856,0.85512,0.53114,0.76511,0.69576,0.74293,0.4573,1.29962,2.89508,0.75072,1.58485,0.00197532,0.00197532,0.00197532
109,11394.7,1.35673,2.12061,1.10942,1.46028,0.83041,0.79725,0.85595,0.532,0.76441,0.7029,0.74564,0.45884,1.29803,2.91088,0.74817,1.58659,0.00189475,0.00189475,0.00189475
110,11488.4,1.34495,2.10888,1.11149,1.45244,0.82867,0.8017,0.85782,0.5331,0.76276,0.70206,0.74109,0.45645,1.29995,2.89726,0.74799,1.58193,0.00181557,0.00181557,0.00181557
111,11581.6,1.34186,2.11304,1.09935,1.45607,0.83215,0.79472,0.85581,0.53261,0.76008,0.69796,0.73374,0.45157,1.29327,2.91648,0.74815,1.57811,0.0017378,0.0017378,0.0017378
112,11675.2,1.33163,2.1013,1.08323,1.44282,0.82959,0.79648,0.85679,0.53187,0.77051,0.69198,0.73991,0.45348,1.29838,2.8874,0.74791,1.58066,0.00166149,0.00166149,0.00166149
113,11768.5,1.33183,2.0749,1.07645,1.44651,0.82697,0.80067,0.85499,0.5317,0.75087,0.70835,0.73713,0.45409,1.29975,2.89184,0.74825,1.58661,0.00158667,0.00158667,0.00158667
114,11861.9,1.33652,2.12083,1.09212,1.45069,0.83372,0.78904,0.85411,0.53156,0.76343,0.69744,0.73316,0.45204,1.30184,2.8819,0.75146,1.58694,0.00151336,0.00151336,0.00151336
115,11955.3,1.32648,2.10584,1.08379,1.44341,0.82406,0.79857,0.85493,0.53267,0.759,0.69954,0.73756,0.4555,1.29594,2.88892,0.75353,1.58517,0.00144161,0.00144161,0.00144161
116,12048.9,1.3149,2.09165,1.07256,1.43852,0.82783,0.797,0.85512,0.53285,0.75988,0.70415,0.7426,0.45653,1.29502,2.89652,0.75072,1.58618,0.00137143,0.00137143,0.00137143
117,12142.3,1.31252,2.06296,1.0599,1.43105,0.82852,0.79815,0.85534,0.53056,0.75584,0.71578,0.74364,0.45587,1.29978,2.86568,0.74995,1.58764,0.00130287,0.00130287,0.00130287
118,12235.6,1.31552,2.07566,1.07465,1.43808,0.83953,0.78976,0.85568,0.52966,0.76018,0.70631,0.74095,0.45493,1.29993,2.9039,0.74763,1.58867,0.00123596,0.00123596,0.00123596
119,12329.1,1.3236,2.07492,1.07372,1.44129,0.83193,0.80385,0.85812,0.53122,0.75284,0.71045,0.74041,0.45644,1.29772,2.89639,0.74529,1.5873,0.00117072,0.00117072,0.00117072
120,12422.4,1.30838,2.06967,1.05723,1.43014,0.82956,0.80109,0.85664,0.53191,0.76869,0.69029,0.7329,0.45259,1.29443,2.89089,0.74459,1.58872,0.00110718,0.00110718,0.00110718
121,12515.9,1.31555,2.08587,1.06479,1.43465,0.83554,0.79096,0.85556,0.53261,0.75449,0.6945,0.73132,0.44937,1.29461,2.9228,0.74044,1.58929,0.00104537,0.00104537,0.00104537
122,12609.4,1.31472,2.06767,1.06994,1.44048,0.82363,0.80739,0.85675,0.53302,0.75747,0.69157,0.72928,0.4502,1.29593,2.90348,0.74113,1.58884,0.000985311,0.000985311,0.000985311
123,12702.9,1.30579,2.07445,1.05777,1.42824,0.82874,0.79899,0.85688,0.53464,0.75465,0.6924,0.72682,0.44979,1.29407,2.90379,0.74126,1.58535,0.00092704,0.00092704,0.00092704
124,12796.5,1.30488,2.07995,1.06794,1.43198,0.83166,0.80231,0.85745,0.53454,0.76907,0.6945,0.73298,0.45412,1.29204,2.90368,0.73831,1.58148,0.000870577,0.000870577,0.000870577
125,12890,1.29951,2.03135,1.054,1.42534,0.83727,0.79885,0.85874,0.53269,0.76272,0.69875,0.73409,0.45322,1.29405,2.87301,0.73821,1.58579,0.000815947,0.000815947,0.000815947
126,12983.4,1.30107,2.05867,1.06114,1.42722,0.83684,0.79899,0.85819,0.53308,0.76068,0.69954,0.73316,0.45192,1.29421,2.87675,0.73667,1.58381,0.000763174,0.000763174,0.000763174
127,13077,1.28997,2.05553,1.04857,1.42037,0.83808,0.79983,0.85915,0.53296,0.75881,0.69618,0.72841,0.45149,1.29266,2.89147,0.7339,1.58405,0.000712282,0.000712282,0.000712282
128,13170.6,1.30128,2.06107,1.0677,1.42832,0.83864,0.79689,0.85946,0.53435,0.74856,0.69786,0.7257,0.44897,1.29136,2.92826,0.73375,1.58363,0.000663292,0.000663292,0.000663292
129,13264.3,1.29929,2.04056,1.04364,1.42031,0.83802,0.79857,0.85878,0.53481,0.74762,0.69612,0.72036,0.44733,1.29133,2.93213,0.73271,1.58481,0.000616227,0.000616227,0.000616227
